﻿<parameters>
  <parameter name="IIS Web Application Name" defaultValue="Default Web Site/ArchivalWebApp_deploy" tags="IisApp">
    <parameterEntry kind="ProviderPath" scope="IisApp" match="^C:\\Users\\v-jimish\\Documents\\Visual\ Studio\ 2015\\Projects\\ArchivalSetupRG\\ArchivalWebApp\\obj\\Debug\\Package\\PackageTmp$" />
    <parameterEntry kind="ProviderPath" scope="setAcl" match="^C:\\Users\\v-jimish\\Documents\\Visual\ Studio\ 2015\\Projects\\ArchivalSetupRG\\ArchivalWebApp\\obj\\Debug\\Package\\PackageTmp$" />
  </parameter>
  <parameter name="Add write permission to App_Data Folder" description="Add write permission to App_Data folder" defaultValue="{IIS Web Application Name}/App_Data" tags="Hidden">
    <parameterEntry kind="ProviderPath" scope="setAcl" match="^C:\\Users\\v-jimish\\Documents\\Visual\ Studio\ 2015\\Projects\\ArchivalSetupRG\\ArchivalWebApp\\obj\\Debug\\Package\\PackageTmp\\App_Data$" />
  </parameter>
  <parameter name="DefaultConnection-Web.config Connection String" description="DefaultConnection Connection String used in web.config by the application to access the database." defaultValue="Data Source=(LocalDb)\MSSQLLocalDB;AttachDbFilename=|DataDirectory|\aspnet-ArchivalWebApp-20171012022748.mdf;Initial Catalog=aspnet-ArchivalWebApp-20171012022748;Integrated Security=True" tags="SqlConnectionString">
    <parameterEntry kind="XmlFile" scope="c:\\users\\v-jimish\\documents\\visual\ studio\ 2015\\Projects\\ArchivalSetupRG\\ArchivalWebApp\\obj\\Debug\\Package\\PackageTmp\\Web\.config$" match="/configuration/connectionStrings/add[@name='DefaultConnection']/@connectionString" />
  </parameter>
</parameters>